upstream_path	git_blob	bytes
.cargo/config.toml	c9115c3c21d172763fef26ea078bb69ece68e63f	172
.editorconfig	0e3b49df651b9ec9733353001d1ccef671cbf1af	248
.github/actions/setup-rust/action.yml	cc065d1af09bab9a21f4ef0a5a9cfd432172dc98	2079
.github/dependabot.yml	a68d690c0fdf7cf23762dd15644827018fd27e01	951
.github/workflows/ci.yml	28677e0917bdb0d6b894e88e80efdf843398cb70	13787
.github/workflows/docs.yml	3ffc8d93e4dfa006049b318ee1f7698862d5ea63	1220
.gitignore	784a8a7d67e4a857d833be99502e069df995b77d	301
.rustfmt.toml	caad1647ba04982cb2f427a3cecd5ecd38002932	158
CONTRIBUTING.md	3f54be35fd93a115b22b6b367c7d4dcaa48bcc69	14294
DEVELOPMENT.md	42d46b50dbd01121146cac71e431e6c99b54a8d4	8277
LICENSE-Apache-2.0.txt	bf0841f65960383640ff3300b5b332ab347c5762	11388
LICENSE-MIT.txt	e2c4c0618714f8c626a1f6be6b226655a6d544ca	1102
README.md	59d8af6399daf5c670c6b02626b89e8bece7d7d6	8155
assets/Logo.png	3e6c42e15adea044f1f017b74b93be7d27b4b428	22381
assets/katex-header.html	2e3898a4af6c9535cfa9195f8883e5a40c9b0136	971
crates/arith-bench/Cargo.toml	13b8b612a4466f4f2a407855a64d73218a14cfad	399
crates/arith-bench/benches/field_mul.rs	c5105904e62a4b1d0c07ea1f86775397468aaf2d	34607
crates/arith-bench/src/arch/aarch64.rs	9f4924d7e87cd9a7afce66539bbafd9835139b8b	14575
crates/arith-bench/src/arch/mod.rs	aea12077b25bb9382990eb36d879a8656925d16b	211
crates/arith-bench/src/arch/portable64.rs	40069354ed3db3e243f787c8d548991e26932f79	4944
crates/arith-bench/src/arch/x86_64.rs	7242343becb88c471cce80c33c2eaffc9536361e	32858
crates/arith-bench/src/ghash/aarch64.rs	99d749fe93695ad733f3719daee45b9067f0f6ee	10459
crates/arith-bench/src/ghash/bit_sliced.rs	560ce88a2593320acb69908f9a403533659d3063	6337
crates/arith-bench/src/ghash/clmul.rs	7ad60e4adc79e7f806b44a32c2cad46a7760c363	18370
crates/arith-bench/src/ghash/mod.rs	d380c6eec1750cfa3b952b6b094e5836dbcdc61a	887
crates/arith-bench/src/ghash/soft64.rs	981fbdf20650a471a5308d724b71aeb9b20fa04a	8340
crates/arith-bench/src/ghash_sq/aarch64.rs	202de71461356e6133d0d5c8279fde16bc8b41e0	3117
crates/arith-bench/src/ghash_sq/mod.rs	3986bc9c99730cc3d32db0bd06497fd326bd0ea1	576
crates/arith-bench/src/ghash_sq/sliced.rs	b1747027e23e8f7b2e17a2e17bcf175e340c3294	4365
crates/arith-bench/src/ghash_sq/soft64.rs	abc6c98d0ae3f3e47941480dee74ae5b07c4ae9d	3376
crates/arith-bench/src/ghash_sq/x86_64.rs	1af10a74f6cbf0b3e5e5f3eeaad63f52a7a6e790	12205
crates/arith-bench/src/lib.rs	02e6f5830ff94e6448c7ba73c717e2441cc62981	393
crates/arith-bench/src/monbijou/aarch64.rs	ba78ed2782d5950fc073da45040acc166cfa3ca2	18416
crates/arith-bench/src/monbijou/mod.rs	15aad19e047347bce7f62bfd0e7cf4eae5b52520	1308
crates/arith-bench/src/monbijou/soft64.rs	1fc31ea4c68b88bdcbb1efa1de0e0d51fe9dc507	11626
crates/arith-bench/src/monbijou/x86_64.rs	056e9d327fa24b86382d13dc8a2d307fc01d2858	17531
crates/arith-bench/src/polyval/clmul.rs	33d175ab269360bfab11603069f0ad45428b23af	3543
crates/arith-bench/src/polyval/mod.rs	f62e6917e8840eac0acb773b0a14891083c1e585	816
crates/arith-bench/src/polyval/soft64.rs	75da9baaa7073b9b2513b519f93fde2ff1abd193	4396
crates/arith-bench/src/rijndael/gfni.rs	027f8cc511c07853445796ad365882992cf8a332	536
crates/arith-bench/src/rijndael/mod.rs	06e9aa276c2257c137d855e5edc8ed3c5a65b24c	564
crates/arith-bench/src/rijndael/russian_peasant.rs	b37ce2b3a03318601ec1346b246c20227226b041	6802
crates/arith-bench/src/rijndael/vmull.rs	3b75e2b71533342edc898557494cf6348c7faeb6	2099
crates/arith-bench/src/test_utils.rs	4d76686127490dcd75ec903bf0a75002e74ccdc8	4089
crates/arith-bench/src/tests.rs	23eb9ace649f7dc444616afc347fa2b060f312c2	1843
crates/arith-bench/src/underlier.rs	ba0a5ec91dbc879efb7219ace0716d8d0f741583	11181
crates/circuits/Cargo.toml	f9ffda1c05a92cbb4b197cef1fb515a8668aedcd	878
crates/circuits/src/base64.rs	332f5c124beb7d07274ed6ad26bec7a0b26acad2	17190
crates/circuits/src/bignum/addsub.rs	6a617c712790d911f386de26222c38d6015f02f2	6291
crates/circuits/src/bignum/big_uint_divide.rs	641da615e153d084767d7fe4be76f7a330f87353	4551
crates/circuits/src/bignum/big_uint_mod_pow.rs	a71beb3d0abae291b3c0e600dbb6e4b8055ab004	3055
crates/circuits/src/bignum/biguint.rs	48f3f786e0ed671dc432b0d504b89ccd173ab1b2	6327
crates/circuits/src/bignum/cmp.rs	c7f6f813b296fde24d325d262f139b05c0eb7d8d	2071
crates/circuits/src/bignum/mod.rs	6a6bea94d423c8d66cfbb48ffa0b6cadcbf42f72	1006
crates/circuits/src/bignum/mod_divide.rs	892bc6db8789283c626e95355abafd0912b0a3b9	4338
crates/circuits/src/bignum/mod_inverse.rs	1bb2f3e3213a0895e37738570b97331f03f84c86	4933
crates/circuits/src/bignum/mul.rs	c00d2c43cd7ce4803b84e8120d6747246ea45910	8153
crates/circuits/src/bignum/prime_field.rs	2805b8ab58b5f5ad07a67ffb7daaf9ddca6ed526	8454
crates/circuits/src/bignum/reduce.rs	3dfd9ecfd7f8e45e7b2343ffd49887c663f05bcd	5043
crates/circuits/src/bignum/tests.rs	2fdf38a2834ca5aa2598290a12c008b732167fc8	21233
crates/circuits/src/bitcoin/double_sha256.rs	a85770fd816c1a548283bb66a38daa0170277dc0	3227
crates/circuits/src/bitcoin/header_chain.rs	d3bbfe742b407ab9bd545488e3c0e4d3fd005696	7552
crates/circuits/src/bitcoin/merkle_path.rs	b2dcbe8fe86ae8e2a9f179c6c925cd31b6a21c7a	6300
crates/circuits/src/bitcoin/mod.rs	27e8f025147761debfcfd731b064c5c2661ef84d	160
crates/circuits/src/bitcoin/p2pkh_signature.rs	67d994a2430a6a4fcff2132bdbd2d85110e2d8bf	16223
crates/circuits/src/blake2b/circuit.rs	a89c5bf19e88bed216a267cd70a7d8b9e263a3dc	11239
crates/circuits/src/blake2b/constants.rs	2a7f3c97ddf0b1ee0fa3d64d3ba8bbee42924e49	1618
crates/circuits/src/blake2b/mod.rs	7a108cf8dc39493b884ed9a9e8a33bb4a7847729	694
crates/circuits/src/blake2b/reference.rs	e86f11aa269ac20002f39404096068640a657aa7	6395
crates/circuits/src/blake2b/tests.rs	33908fc6e4b10055fd0ad7a09aed12c805bb6e1f	5086
crates/circuits/src/blake2s/compress.rs	9191a07c91faa1bb0d343ecd8ac5a95415442f22	32616
crates/circuits/src/blake2s/constants.rs	f9f7bde7d3223ed69e8e4fe9ab542b0972c4b427	2053
crates/circuits/src/blake2s/mod.rs	0bf4bc7f5cb900ac29d10080d00f7add95f0bf6c	11606
crates/circuits/src/blake2s/tests.rs	0147260918a7c470f0ab3d2f329836c6c337540f	6274
crates/circuits/src/blake3/compress.rs	e49d56190ea1c83f6ac257ce52953b33deedd85e	43105
crates/circuits/src/blake3/mod.rs	635d3111a8dc364e73f7cb9bf11f67bfc6e4b248	50871
crates/circuits/src/bytes.rs	893f059e73f3f4b36f10672feecda71fd7359763	6608
crates/circuits/src/concat.rs	e5ffefaabea6230018e9cb974e154980702a48e7	19105
crates/circuits/src/ecdsa/bitcoin.rs	931c65ab62c96bee41e557131a51a3d10cbdce83	1893
crates/circuits/src/ecdsa/ecrecover.rs	5985f7a246bb61ead66ac5e6d7cf8fc16980b325	2064
crates/circuits/src/ecdsa/mod.rs	2e035bb16d337742f16f395b1b7f0473ffa21bd6	215
crates/circuits/src/ecdsa/scalar_mul.rs	616224f26405c002d46711a120aa1f8cc921e942	15471
crates/circuits/src/ecdsa/tests.rs	181b9bce0d4c0937897be8ecf13ec200974342a9	2295
crates/circuits/src/fixed_byte_vec.rs	84f6760d8465bfa289f3837234f5f1872846386a	25224
crates/circuits/src/float64/add.rs	1a1a33d86e0a852a680ae99b8ef26534b866e47b	35223
crates/circuits/src/float64/mod.rs	a203df42aa8f0a38c17b7d9263b32ec880a77531	76
crates/circuits/src/float64/mul.rs	58bcd2dcdde8602d6c5e1cbfbb084667482978e9	23453
crates/circuits/src/float64/utils.rs	b176f5f6ed32d9d6fd50f8649721b9b71a1e049a	29946
crates/circuits/src/hash_based_sig/aggregate.rs	02433012ce06fc6481517ae4782d05ff127ef99f	24711
crates/circuits/src/hash_based_sig/hashing.rs	807e285c13cd7deac6a7c0eaab15b84801945c84	13850
crates/circuits/src/hash_based_sig/mod.rs	fe5fccbbe69b9ca86a949e51bca4095fa9ab95ff	5154
crates/circuits/src/hash_based_sig/wots.rs	ed145ed9b3c7593deddf8a1d5c449dbef96e239e	26012
crates/circuits/src/hash_based_sig/xmss.rs	1848eb7847bd1c66d73ffe22926e5e342e0c13e8	13866
crates/circuits/src/hmac.rs	06e4b6fb329e33f1ece5882439ca09d9c33cfda5	7118
crates/circuits/src/jwt_claims.rs	74e3dff6664f4601b115a8b3ea0438ae4bae6b6d	18479
crates/circuits/src/keccak/fixed_length.rs	d4692d83da514acd38f9e1be09089a92e6a4d69c	7553
crates/circuits/src/keccak/mod.rs	1278fbcf0d2a97988844b0669b76054cb8ac5b8b	13407
crates/circuits/src/lib.rs	107b6e3abbc16e319ec70db525a038a577f6a802	1225
crates/circuits/src/multiplexer.rs	f86b82d8dc42a26bb9aac3be2db5aac8cd807457	16192
crates/circuits/src/popcount.rs	1372d6dbb6f4f0766fe2b776ab5e30d91f28123a	12466
crates/circuits/src/ripemd.rs	bd3c9995d315054ec72ba8af6cbe040824392dfe	15045
crates/circuits/src/rs256.rs	edca3a08364b8caa1f08a80a3d94cc79a1028c9b	18542
crates/circuits/src/secp256k1/common.rs	43e6e9f58ea8220cb19de830ac620de86e669b6e	2689
crates/circuits/src/secp256k1/curve.rs	88d57e8f30c8917655162102dde1dad554d5987a	7752
crates/circuits/src/secp256k1/endosplit.rs	3d7fafa9cb8d7ddcccc481a48165fb0f0fb1850d	8085
crates/circuits/src/secp256k1/mod.rs	53f907bd1f2bd7ef3d70f99ffc8e43521f24da3f	594
crates/circuits/src/secp256k1/point.rs	2de781ebbef67b9d7a1f3a49546c05ceb87f8f0d	3087
crates/circuits/src/secp256k1/tests.rs	357f530807ca6ab49aea7f01d7e8f45259b9f71c	4950
crates/circuits/src/sha256/compress.rs	edae4f8876542027c8e03ec7dcde7c81a94f7223	44777
crates/circuits/src/sha256/mod.rs	ac995bdd164f3272a045d584bda6e3d32c9c93a9	25542
crates/circuits/src/sha512/compress.rs	4bef5d57c4746df247be07785f82def777aceffa	15561
crates/circuits/src/sha512/mod.rs	791251a93f1a741c24d09ca03a91c0f527138d4e	20145
crates/circuits/src/shift.rs	3004adfa65eeefa505dce14bb25b4b682250d9d2	11619
crates/circuits/src/skein512/constants.rs	d992cc76a848127227c33f300a14b45d5fe365ee	579
crates/circuits/src/skein512/mod.rs	315cb9b3f65aa0cdc616dcc63ce4102202a0748e	38417
crates/circuits/src/skein512/reference.rs	adf88e8063aca8b5e19455f9600df477768a61da	10633
crates/circuits/src/slice.rs	29bd4cf129221b5952829d97819f331643620fe0	16996
crates/circuits/src/util.rs	64cc3fdba075a5610d46534cb53199399b0ab41e	3750
crates/circuits/tests/gate_fusion_keccak.rs	9974b90426fa802b0ee8976fc665a6ad7a841bcd	1809
crates/compute/Cargo.toml	6d40aa36d52bff25b326c1ebab82944ef038887e	174
crates/compute/src/buffer_pool.rs	aac06d0297c65b320d543c29d83850420cf6d904	12953
crates/compute/src/lib.rs	e13feef4af14c65acc15a4cfb833166d64f732f5	10517
crates/core/Cargo.toml	911f265dd7bf85c350cc93b228323ddb5c26be94	421
crates/core/src/constraint_system/constraint.rs	c0036bddb77443095d84a9d7c3076604be4be0ae	21549
crates/core/src/constraint_system/layout.rs	f63a86eec430900ac613a9767991df3a587add6f	5071
crates/core/src/constraint_system/m4.rs	975742693de1ecf6f7c2a695bb19c0ee3663bc8d	23146
crates/core/src/constraint_system/m4/witness.rs	090bce5d36d2aa05d4b5314499fcd3bb99d885c8	2322
crates/core/src/constraint_system/mod.rs	af24feace8ef8e158d2c19c3de9df33b0aa103c0	455
crates/core/src/constraint_system/proof.rs	256342e5812b351041e636e6b193cb6877cc19fc	10856
crates/core/src/constraint_system/shift.rs	f22c199987cc257aa6deea134fc516da7704718f	53583
crates/core/src/constraint_system/system.rs	5c19c6fac7fbf144c7e7046036e32603d9ecbe47	51308
crates/core/src/constraint_system/value_index.rs	227527ad5a275603b6e5e9eed599f9078f672c5b	6317
crates/core/src/constraint_system/value_table.rs	8d0619bf2f80fcb6cd465f255d60142b8383f29d	11884
crates/core/src/constraint_system/value_vec.rs	9d5dc554441f4be82c2af57d92470086bb77d0f0	12547
crates/core/src/constraint_system/values_data.rs	ea4194eff01570b7bbbe3e8e5e53d96b4082a516	7190
crates/core/src/error.rs	931b6fa5da7f2e7c32dd2eecef3fa220c37bb19a	9035
crates/core/src/lib.rs	506c26af4fdb5bf76ee7ba03d79c3de29141f229	471
crates/core/src/word.rs	dccbf129f9282bf3b8409a34849b180a31d46625	29716
crates/core/test_data/README.md	c335b67911d69f6f0f73b85c5027acddcb8bd127	3456
crates/core/test_data/constraint_system_v10.bin	3d65c8cb23b74eee9099179bfd3da168d2567730	418
crates/core/test_data/proof_v1.bin	70ab9a326f7d0ce0908aaeb9901bd15c11734c82	60
crates/core/test_data/values_data_v1.bin	11ef86674a8b6e4aa9d0524ff2bc11587e1a451c	40
crates/examples/Cargo.toml	dd20d2699937e8228be2bb136a5dbe5fe125e14c	2706
crates/examples/README.md	57ace7af814b503e65e77a3a2682e81dda82b8c2	11791
crates/examples/benches/blake2b.rs	297b4c5a69fe4012bff40548d5896047ab20927b	2218
crates/examples/benches/blake2s.rs	558b0459a12c53af062d0717427937db9bd22711	2242
crates/examples/benches/blake3_compressions.rs	0633714275e33650180799947998ba9a8aa6bbfc	1004
crates/examples/benches/ethsign.rs	54b7b61257c5b720dcee0248e845e4589eadaffe	2262
crates/examples/benches/hashsign.rs	67132400b6051b104ebf145320fa9274c87acf77	1889
crates/examples/benches/keccak.rs	af2c56faa52504ba4c523b8af053af07a4e824cd	2254
crates/examples/benches/keccak_permutations.rs	89e08d45efe366d3418bd1dcab25c9df8828e0b6	1012
crates/examples/benches/sha256.rs	cf64ca30d78c36933beac99599ab4c54842bd582	2230
crates/examples/benches/sha256_compressions.rs	529a446d3182db57fdc43eeb097010ef519f38f2	1005
crates/examples/benches/sha3.rs	10c4766bbd4b541450d94d51ee1d9dd83a778960	2183
crates/examples/benches/sha3_512.rs	457fcd9c74cc6fe116303cb1ef1afe4daff4a0ed	2238
crates/examples/benches/sha512.rs	56d822c1662a97392c67be731f81a3236b58694f	2232
crates/examples/benches/utils/config.rs	4905c1282ff340bc8f93fb9c9ba2e4eb92a0c99e	1796
crates/examples/benches/utils/independent_hashes.rs	19a861a91073b38e7725bc9c6452fe38fd295d3a	4567
crates/examples/benches/utils/mod.rs	af71e81877cd9bf8843e4b935c2569f3b8f2d74c	331
crates/examples/benches/utils/reporting.rs	6a585372dc5a30f7e9fceed90785504bee20c956	3685
crates/examples/benches/utils/runner.rs	c6338bded44e846e525e2915c02eb1024457f91b	7463
crates/examples/examples/tutorials/basics_masked_and.rs	bf44cb829a5376752937f1bdc26e7703ae7f785b	1287
crates/examples/examples/tutorials/basics_nondeterministic.rs	b941648c58d9136d0f94c2428e8c9afc2142d28a	1662
crates/examples/examples/tutorials/basics_word_semantics.rs	219e963efe6c04587718bcccf02b9fe2b7a3b028	1677
crates/examples/examples/tutorials/basics_xor_packing.rs	7c62106a2c616577968402608d0c01d3e893353d	2668
crates/examples/examples/tutorials/circuits_control_flow.rs	829df39a4093623fed692fc04edba098e5bdc345	7501
crates/examples/examples/tutorials/circuits_gadgets.rs	408d255b63c9f149610ffb91133564d043cf3fd1	5441
crates/examples/examples/tutorials/end_to_end_example.rs	3ce15353c0453b68a8b531b257d7e72eccde74d0	3001
crates/examples/snapshots/README.md	aeeb6129f8e26f5e2d34df96fbb65c0a3e740bfd	1637
crates/examples/snapshots/bitcoin_headers.snap	074d8aac4cf3f172e030fd6768429dc368f18f76	1014
crates/examples/snapshots/bitcoin_p2pkh.snap	4f4e7b7807b2916e5f25106e9df8ca12dd472d9b	1042
crates/examples/snapshots/blake2b.snap	e857e7d5cd450e30e8e66919afaa9d197e663ed2	993
crates/examples/snapshots/blake2s.snap	fd794fc1ad0676d5fc6d7343f218ed5cbe995571	995
crates/examples/snapshots/blake3.snap	4d04704800f771747e67668db956ef0903dae609	988
crates/examples/snapshots/blake3_compress.snap	80f196799ce593700d0c95db63b82699cca1d2cf	947
crates/examples/snapshots/ec_msm.snap	069bd5f352d7e1e2330274947a39589045e44079	1040
crates/examples/snapshots/ethsign.snap	d309b560fb0de4361918775fedc840250e10a945	1042
crates/examples/snapshots/hashsign.snap	3df0c797673421c6e047459bd5b4cf6636c3e31d	1030
crates/examples/snapshots/keccak.snap	a95aefa17732b6859a8a79117f4f9ef283c6a865	987
crates/examples/snapshots/sha256.snap	acbd9bd9ed567da956c9043c962374f7d7ee679d	992
crates/examples/snapshots/sha3.snap	5ce3e7f54a95c39d7f0698f4c64790b2d1575b99	985
crates/examples/snapshots/sha3_512.snap	8b6fa88ba22254b65d98064889f61ec22428c9fc	990
crates/examples/snapshots/sha512.snap	535c2f73247d61d156128ebb8b7620d295fe65a2	997
crates/examples/snapshots/zklogin.snap	1def8c8f0c5db67f38e11e5f6deed77e1b66ba67	1049
crates/examples/src/bin/prover.rs	1b39149a78808f82afd6e6a2ff52387df2c6289e	3649
crates/examples/src/bin/verifier.rs	f5b570dffcbc52955ec6c118bf7f697074905421	3206
crates/examples/src/circuits/bip32.rs	8a3480b709af53f5d12ed35747d989dae68b134f	17043
crates/examples/src/circuits/bitcoin_block_contains_transaction.rs	cc8fab7aa6b4ba8606bf485827f38ad373b4aa82	4903
crates/examples/src/circuits/bitcoin_header_chain.rs	5b7b24eac20a1b193277ae91911d7b8edbd2dc7e	3462
crates/examples/src/circuits/bitcoin_p2pkh.rs	d6ff2bb9dc71f7eae1d09ca6df4fa2ec015134b1	6757
crates/examples/src/circuits/blake2b.rs	afa3d2db61280254d47b8edb6e49a1dffb1fee51	1815
crates/examples/src/circuits/blake2s.rs	13f098737a32adfac647091d0b41a33e80bcdb6a	1844
crates/examples/src/circuits/blake3.rs	610c32fba5dbe1399eac32e81374231ef3db5382	2509
crates/examples/src/circuits/blake3_compress.rs	abd0f1392ed03686bf9b2791be0e55d330c16968	2819
crates/examples/src/circuits/ec_msm.rs	53b1aa8832c4db7dabbe8834ef875ee317b647a2	4878
crates/examples/src/circuits/ethsign.rs	06484e2e6e2d853165c2c8a03ed1626e1d0c015e	5739
crates/examples/src/circuits/hashsign.rs	2242bdfbbdf934123922d8b8e986a8a76c6a8e4d	2143
crates/examples/src/circuits/independent_hashes.rs	188ea2a18e9321f772f89fcaff0fb064d698b4a9	11544
crates/examples/src/circuits/keccak.rs	614488f910a2026c0e397fe2766c646180539c6f	3743
crates/examples/src/circuits/mod.rs	966ddb2ca723c550c9568f53591e233127f180f6	473
crates/examples/src/circuits/sha256.rs	1dad94e2a9fb35549fa208215808aec76195eba1	3357
crates/examples/src/circuits/sha3.rs	89c6080ca12362531baeffe7ab4d8ebaeecc3058	3608
crates/examples/src/circuits/sha3_512.rs	4a80282b48990ad3e367daed71f2234d972fc140	3640
crates/examples/src/circuits/sha512.rs	97ba480b673f5347c4839c8f90123e65d5d7fc4b	3370
crates/examples/src/circuits/subset_sum.rs	3b4dbe788efe325972b05ca0bcf63a3caae3e6ca	6130
crates/examples/src/circuits/utils.rs	aeaaa00be6817eb1e006c6d651677c6c3d06034b	7482
crates/examples/src/circuits/zklogin.rs	a60300db7afb5f223e7aed1b925054a67a93b85c	21922
crates/examples/src/cli.rs	219107cf26f4e08ff1e7764335fc2cf99563e03d	28628
crates/examples/src/lib.rs	2e98c45a3552a47a24f16363e055e068114c8c37	12011
crates/examples/src/main.rs	678ac4963f9d1f042d4273d40833257e859ba684	2185
crates/examples/src/snapshot.rs	7932cbe0faac64af694c9afdf00fe2d54985d00f	3751
crates/examples/tests/cli_artifacts.rs	60c2021bc260a84b5dc4ab907ca0c3772644de99	7323
crates/field/benches/binary_field.rs	74787a2d1423de9e4a56e31129a244504350e1e3	2067
crates/field/benches/ghash_invert.rs	64f6f8f71e635c276a9b59c55b56b38ec6ff7b82	1511
crates/field/benches/ghash_widening.rs	8417cae86120aa124716843c9b68d90f2cd7d2eb	2040
crates/field/benches/main_field_binary_ops.rs	4b86c01554b16e392c2e06fe0dea100ad89a6bf3	633
crates/field/benches/main_field_unary_ops.rs	456ba378f6d07ccff123e4044a5358315476463a	624
crates/field/benches/packed_field_element_access.rs	cde302b779d1fe661b2531d02302274f50e7514d	2154
crates/field/benches/packed_field_init.rs	539f4d48f27bd48c246a04e897c449c6b20e380e	1495
crates/field/benches/packed_field_invert.rs	83ec9c2f660ae8008a91273178b94dc63d06e7fe	611
crates/field/benches/packed_field_iter.rs	707f2cd1924522cedadae34cb61b46a783be1e68	1326
crates/field/benches/packed_field_multiply.rs	39c07cb442a6635459995a075e5b949b483c3c57	776
crates/field/benches/packed_field_slice_iter.rs	16b23679d531000d8ff8b2f43b1add44db5e6071	1421
crates/field/benches/packed_field_spread.rs	c181bbfc30b1230f7d026a6532a4d6b7e2310e9d	4824
crates/field/benches/packed_field_square.rs	913a0a81b56f753ce5e0ee2cfc09f7c61ed14516	603
crates/field/benches/packed_field_utils.rs	8cc85a56a240cabfa7ed3ab6bdaf175111fef4f1	7631
crates/field/src/arch/aarch64/arithmetic/ghash.rs	2e4e37dc4fa2d7a44a4b9a2a80ec6b1d46df789c	9229
crates/field/src/arch/aarch64/arithmetic/mod.rs	aef4443fe84ea98b4152338a29c31d9ecc1fbde5	56
crates/field/src/arch/aarch64/m128.rs	c75b3b28a175696131039840790ca3d52fc6efa8	10287
crates/field/src/arch/aarch64/mod.rs	6501bfa9f3ef5be138395a08fb3095bac2a1f167	634
crates/field/src/arch/aarch64/packed_aes_128.rs	8b0564d766ff58642a90e8feb8a0177d65f7f3f2	1835
crates/field/src/arch/aarch64/packed_ghash_128.rs	610fd3ae10c30abc44c2aa628375b9834dff93c0	1049
crates/field/src/arch/aarch64/simd_arithmetic.rs	6ed7299325c915a72bd526bf8e6c1777899edc87	9337
crates/field/src/arch/arch_optimal.rs	884cd79014c450c4b1477dda0772f7a65c7b2617	839
crates/field/src/arch/mod.rs	a6750ae006fb7c70bf99a26402af1527dbb7530b	3795
crates/field/src/arch/portable/arithmetic/ghash.rs	a21b0dff65a46c01114daafc2d8984fcb041a8b5	9606
crates/field/src/arch/portable/arithmetic/ghash_sq.rs	b072af92724a74de98a89a61f184e5b48ab5960f	2406
crates/field/src/arch/portable/arithmetic/itoh_tsujii.rs	68934456a462d5001bbe7b371c96367c85a98312	8726
crates/field/src/arch/portable/arithmetic/mod.rs	ee1e8487f46cc96f90574dab01e0577abfab4ed8	95
crates/field/src/arch/portable/m128.rs	8c931a05add956492f8aea6f89819519dd03a742	5033
crates/field/src/arch/portable/m256.rs	96301719b43daf31a7b4f8b7b0c1fa284f3f3708	680
crates/field/src/arch/portable/m512.rs	ce97a1d7c2fd123e4a67eaf8804e247cf21e5210	177
crates/field/src/arch/portable/mod.rs	e1bd545f9b9ae22aa422d553904423bbc89087cf	653
crates/field/src/arch/portable/packed_aes_128.rs	e0050dd19b3b0d54579bdb4d7d03de994d9bc137	397
crates/field/src/arch/portable/packed_aes_256.rs	9cd293666b2d24cb4b074e8c22d53d910cf3b7e8	235
crates/field/src/arch/portable/packed_aes_512.rs	c415cc177ee68bfb0e1bc5b080c9d013583c2bad	235
crates/field/src/arch/portable/packed_aes_8.rs	4125d4b10fafad7a8861bfea1577be6cd936c696	295
crates/field/src/arch/portable/packed_arithmetic.rs	29648d8b203f2f23e1cccf2bd9f5c3531fdba53a	1103
crates/field/src/arch/portable/packed_ghash_128.rs	f993c8d7e6c483731fef54904a58452f3a30218a	1484
crates/field/src/arch/portable/packed_ghash_256.rs	7e63df203174abe7b6ae01fe7cbf8631550d5acb	721
crates/field/src/arch/portable/packed_ghash_512.rs	394775b47436f78b42e3c0d8abc6f87f81ce9894	722
crates/field/src/arch/portable/packed_ghash_sq_256.rs	b6a9592b84c992b3157dcf86cd60cf8e486b0ecd	377
crates/field/src/arch/portable/packed_macros.rs	f46b87fd78d53dcb9b6f041f450591a35cc2216f	1797
crates/field/src/arch/portable/pairwise_table_arithmetic.rs	9120e724fd95549054a622e0fbeadba136a6d936	9358
crates/field/src/arch/portable/reuse_multiply_arithmetic.rs	835f53db45421b0cb6de4dafe7e7b1f717c7f67b	474
crates/field/src/arch/portable/scaled_arithmetic.rs	192dc4f2bdc95a99e7f48e7dd90b9db7a744c31a	4880
crates/field/src/arch/portable/univariate_mul_utils_128.rs	c2fbb6f4b7a91abb3c08303a61fd3f5c184a5ae3	7016
crates/field/src/arch/strategies.rs	2dbe808e493aff3632bedb8636abd3b6a4fcced1	5353
crates/field/src/arch/wasm32/m128.rs	e660d8c736bcf915b007abf8b9aab6f1d376f216	9028
crates/field/src/arch/wasm32/mod.rs	79129f1e986603a3fa63f27e7a987c0ad1c014f2	276
crates/field/src/arch/wasm32/packed_ghash_128.rs	1419797759a9ace79021e19f060634c6ce081d8f	2006
crates/field/src/arch/x86_64/arithmetic/ghash.rs	612122740ee43cd27d27b1a8db8d7648fb4a20b9	12331
crates/field/src/arch/x86_64/arithmetic/ghash_sq.rs	810430edd5f3275f465bc98bf558a7d31be8b39d	3900
crates/field/src/arch/x86_64/arithmetic/mod.rs	81f6727f8bdd15667613163cfc770fa8638afcb7	283
crates/field/src/arch/x86_64/gfni/gfni_arithmetics.rs	0e9ef5a8a00e5785ba40433ace00300155bf9a45	3153
crates/field/src/arch/x86_64/gfni/m128.rs	b6ce058761f2f787f5194f0cd0a74730b9e3e395	443
crates/field/src/arch/x86_64/gfni/m256.rs	586f847628189319d3bc0e5ef2ec6b95a8eabaf0	449
crates/field/src/arch/x86_64/gfni/m512.rs	2b2877a5aa9c97afc2a77a216a7e36c935748fbd	449
crates/field/src/arch/x86_64/gfni/mod.rs	e1a392692adf0d471572c838aca60bb9432ecf0c	197
crates/field/src/arch/x86_64/m128.rs	7f1b74a5d82f73ae023e2a7c3f805a44045864a9	12914
crates/field/src/arch/x86_64/m256.rs	00264de884ba0d765c6f4ba57a212aeb078a7f27	17550
crates/field/src/arch/x86_64/m512.rs	72e7b0860af5b288d59b0d8abfcc67e45037c2c0	19704
crates/field/src/arch/x86_64/mod.rs	98c77772488a3ce670a1c1441592cd575b87a1e7	1034
crates/field/src/arch/x86_64/packed_aes_128.rs	5fa92646a8f9d152bbe9c8196c93abce347074ba	683
crates/field/src/arch/x86_64/packed_aes_256.rs	38193c2b878289838d7c9772ecc5e18d8a739cc8	683
crates/field/src/arch/x86_64/packed_aes_512.rs	672c293094b10106939724053e8e22575275edec	683
crates/field/src/arch/x86_64/packed_ghash_128.rs	169006f52cc68ab732eb939d90703deff426185f	3855
crates/field/src/arch/x86_64/packed_ghash_256.rs	8f25e5b94ff1fd412721dc250d295d395df2f8be	3326
crates/field/src/arch/x86_64/packed_ghash_512.rs	440cb317c37b2f4097cb7ec5eb2968b1d243a286	3724
crates/field/src/arch/x86_64/packed_ghash_sq_256.rs	b5e2c0022a0ef23b96ff9a9eaa115235c0df51ac	947
crates/field/src/arithmetic_traits.rs	2bff16216a2ff29f042783b1a59a62a6370660c9	4069
crates/field/src/binary_field.rs	d073d856abf2d1a2ad58b9a0dbe6b7a49460f1df	24075
crates/field/src/divisible.rs	d0a494f725f87ccbdb49d09a0fa5696745c33b55	22355
crates/field/src/field.rs	be9d3dd268cf4620ce422feaaa43107caf9562ee	7047
crates/field/src/fields/ghash.rs	4448c59366d6fbc02e67a19bf396c0d628cd771b	16000
crates/field/src/fields/ghash_sq.rs	1b2d5b6017f84dab6ed21e8e7009b5fb216600d4	10792
crates/field/src/fields/mod.rs	b90e7523753728bf50b36c49ab9fe72dd118f00c	92
crates/field/src/fields/rijndael.rs	7e9d5937754acf89484de56362165726ac1a60bd	3371
crates/field/src/lib.rs	308456bbe4077775a51b78689c6e7f8938d60d70	1336
crates/field/src/linear_transformation.rs	e4cabdd93b6c82149fbd491388ef364dbe1f557b	6317
crates/field/src/maskable.rs	333baca8a912dac41d4b9d4d9f17aa0e8c0cf5dd	2056
crates/field/src/packed.rs	5443cae90bd491332dac89cb81a2f51fa1bfd2fb	13254
crates/field/src/packed_extension.rs	17a1f94c12ac1cb13c0a100b0a0431b48a31f075	2704
crates/field/src/packed_fields/ghash.rs	2bd05a9de802af10e628073c79237a4dc310688b	4023
crates/field/src/packed_fields/ghash_sq.rs	6682d2eb9b313d6dde211427d728cf8b30d5e1ee	15966
crates/field/src/packed_fields/mod.rs	9b9a069eeefda19dfaac96bd886248cf2cc142ef	18428
crates/field/src/packed_fields/primitive.rs	861a1a446cf33da79b12631d50ad573a1d5c1be6	15324
crates/field/src/packed_fields/rijndael.rs	03e6c40db44fa5a7eedbcfd3bea501d77a882fe0	2193
crates/field/src/packed_fields/sliced.rs	696f0807da0e6b6e85406c688f34919abc901778	16940
crates/field/src/random.rs	8a5749b8b4edf321aac377dbaf33be1d2fca9f25	374
crates/field/src/tests.rs	25e3607461f1da3b0d059d0b7563d9745260a699	6081
crates/field/src/transpose.rs	78946f0cc3180050e13d4b23f0088e299ee27039	10793
crates/field/src/underlier/mod.rs	e13e541b113d2bd8e30aa2939c62f7854246e903	218
crates/field/src/underlier/scaled.rs	b65b99a2d99a303cbdc313a18b1b85101fa298f8	9154
crates/field/src/underlier/small_uint.rs	c07056a9680ce92cd101ae42edbb3d2092ffdb75	24464
crates/field/src/underlier/traits.rs	4f30ea6eaf605c42fd02510bd744865728907939	11357
crates/field/src/underlier/underlier_impls.rs	e2bc1e6dd6d686e3e45d344b8043e75517185594	882
crates/field/src/util.rs	3eb3c58f2da8c9a08f21cfaa9534a24d840f2575	8774
crates/frontend/.gitignore	28cfef9726727e95558697dc473540fb41fd6bba	22
crates/frontend/Cargo.toml	d1405685174f7258306716fb3ca7104a841940fc	695
crates/frontend/src/artifact/chip.rs	1b8076942a6b00d5058eecfe49b1d63cc1d0b1ed	35250
crates/frontend/src/artifact/circuit.rs	c45243128e8dd17e8fe8956d16f637677d1623bf	27547
crates/frontend/src/artifact/dump.rs	4d5099061dd353ee202d5664bed9fa8f70c02552	8046
crates/frontend/src/artifact/mod.rs	edd32bf10d9eea770bd7d5810b5ff13124c5d211	179
crates/frontend/src/artifact/stat.rs	02ed08ea4c9a256bc23f1d8603dc899901c7b3de	10870
crates/frontend/src/artifact/witness.rs	ffe972361ecc74a84d934933aa7fc015735e0e19	7592
crates/frontend/src/builder/gadget.rs	a108dcbfe1a710048e6bdabb7285dd3a4c032aeb	9764
crates/frontend/src/builder/mod.rs	bc85b6aba629a57459e4c7f6b1f567276131740a	59825
crates/frontend/src/builder/tests.rs	64dc261b1ae4a74a126a24eb8dfc48580f6d61f2	66774
crates/frontend/src/eval_form/assertion.rs	348f977726dfa98058943a72aa766c8237f5412c	856
crates/frontend/src/eval_form/batch.rs	5f1aa29e510e33014814cb0007e199e4564ce643	17622
crates/frontend/src/eval_form/builder.rs	6f85adea700d7b1a396dd565d5ea8b66c5922ace	7987
crates/frontend/src/eval_form/const_eval.rs	9a71776c6cf19cfca65cb24b8c177eafc83ddef5	15762
crates/frontend/src/eval_form/exec.rs	691acb48e341c720cecff74e7451c686ef679d33	16172
crates/frontend/src/eval_form/mod.rs	f3423edc79ae66d905ba288c74c0f42409323160	4125
crates/frontend/src/eval_form/opcode.rs	95e57d8567507dc870fc18f35ebf663e34c54ad3	3692
crates/frontend/src/eval_form/scalar.rs	969047bff47b8f91d1337e2ac81da1d5dd2d3dd0	2364
crates/frontend/src/eval_form/tests.rs	df3e5e97e9c1fe105894c02f76cce080ed25981b	8914
crates/frontend/src/gates/assert_eq.rs	b4047304cdb0aa6c631403449561c3450101c1d5	906
crates/frontend/src/gates/assert_eq_cond.rs	1f9782180a0cdd4c9228feff716678d79c37070f	1424
crates/frontend/src/gates/assert_false.rs	75293402ef2ae48b6ee617de2bfbd71c633ecc58	1131
crates/frontend/src/gates/assert_non_zero.rs	49d50099d3659d63f18c4bef121ed9525646ee91	6514
crates/frontend/src/gates/assert_true.rs	92357ab0631bbc20bd1a4673ece9b43f5fb7da11	1331
crates/frontend/src/gates/assert_zero.rs	be27543766c7967ab187beded961553fe8300825	790
crates/frontend/src/gates/band.rs	5ba3be32c1febb131995f76c1c8104df9241867a	944
crates/frontend/src/gates/bmul.rs	0177d0fa8b0c9ba5b2edaaacb28b5b53f6d6dba6	1135
crates/frontend/src/gates/bor.rs	e87e913237acf0b66e9e29b9c6225eb8799fcd64	1067
crates/frontend/src/gates/bxor.rs	a312369d6a9d07f27f1143d5671c5061a089edd9	957
crates/frontend/src/gates/bxor_multi.rs	ed96e8855acd6639b8f5794ff472fc283e709837	4165
crates/frontend/src/gates/fax.rs	da55b63f504d2290338612afc04df55b8e077970	1148
crates/frontend/src/gates/iadd32.rs	b867366001f40248c0f0304d352440a1ba2b101b	2073
crates/frontend/src/gates/iadd32_cin_cout.rs	999066edd3c1a13cb0a9e2dbf9b141d50ad2f2c9	2416
crates/frontend/src/gates/iadd_cin_cout.rs	10afcf4cde6ae300365cebc852f62a7e66bba7d7	2373
crates/frontend/src/gates/icmp_eq.rs	81b52238fa884b74bc521b57e37d559a6be0b533	3410
crates/frontend/src/gates/icmp_ult.rs	fd355e995f4efa6a4bccbe537be8a8c3ae97d442	2322
crates/frontend/src/gates/imul.rs	e007f19516815c91903f139b74076c3e51b21245	888
crates/frontend/src/gates/isub_bin_bout.rs	00dd1264bb1adbc40c44f41136b8c6873254a602	1677
crates/frontend/src/gates/mod.rs	ea9c4d7526ca9d9175dcf3f6a1577bebcdbb1140	6459
crates/frontend/src/gates/opcode.rs	8e472a37fcdf942907548f9344f8ab86758a80ae	2945
crates/frontend/src/gates/select.rs	a0304207334c6b5fc007d451d262682c6928a78f	4378
crates/frontend/src/gates/shift.rs	07db81d6ac7e9e1049a65c23776f4e3951074318	4332
crates/frontend/src/ir/hints.rs	71a63c994ffcca7630fa7a33ba5691fb1f9f8332	7848
crates/frontend/src/ir/mod.rs	e85bdfd4471229c307927478a18618227dbffc40	25921
crates/frontend/src/ir/path.rs	b5f1d1cc0f80c15a508b614f028840fe204bfc2c	3748
crates/frontend/src/lib.rs	7766f51f4c5fc18218fe179e8d5caab041406a3b	2505
crates/frontend/src/lower/constraint.rs	152abfa4e4403f773937c8d56c4fe68ad408ee8f	6983
crates/frontend/src/lower/expr.rs	94e91bbf61cb7515bcbb17551567f334a504e8cb	5545
crates/frontend/src/lower/mod.rs	44c95cfbe409c6eed80bbf3d7eee852c8e4d3766	8008
crates/frontend/src/lower/operand.rs	c95d2937fa312cc4b91c51532e15bb46e86bfaf4	17216
crates/frontend/src/pass/const_prop.rs	d57f9a75d16d4c6c00abaa5410e458dacdae5d43	11972
crates/frontend/src/pass/cse.rs	e2f85a564a1bc8c7d52dd6ce81e5a99b2c4e0052	12912
crates/frontend/src/pass/dce.rs	e334de2726c903e8fb3e9eee8f04a809b23b1080	5636
crates/frontend/src/pass/fusion/commit_set.rs	3b1e8d71dffc7e76f22f8be2c425012a76d63157	26122
crates/frontend/src/pass/fusion/legraph.rs	57d081e87abc60a0a54b15974d8ee97ff4ebd867	12283
crates/frontend/src/pass/fusion/mod.rs	fc253f91d8d0de8a219ab455b26796f194929fba	2995
crates/frontend/src/pass/fusion/patch.rs	63a655b5394544cf477f068e021a14bda1ee0714	33411
crates/frontend/src/pass/fusion/tests/awhole.rs	2a1cba9be6bc8090db9182bfea7e70ac99f697e4	29096
crates/frontend/src/pass/fusion/tests/commit_set.rs	019998086ca17b4c77abba94aea9cb12e60ff5cd	22786
crates/frontend/src/pass/fusion/tests/mod.rs	c162f56f6e30fe98a6613fcceb4dfcfbbc894b53	63
crates/frontend/src/pass/layout/mod.rs	75734a95ae02221ad02b9f017089d20020509e59	151
crates/frontend/src/pass/layout/scratch_alloc.rs	6458945dc3599049b1db052b31fff7105a1797a8	14721
crates/frontend/src/pass/layout/value_vec_alloc.rs	2d97d2a5f6f4cca1981fd8c345558f24c9498810	8192
crates/frontend/src/pass/mod.rs	0189ce09f271d32760d6edc8e2377cda6f4e96e5	2166
crates/frontend/src/pass/zero_fold.rs	fbb2836ba796a37af0c5314e113e92fea613e1f3	14091
crates/frontend/tests/compile-fail/build_twice.rs	d391ecba7902acda6686a5f5975fb905cc7ebb21	317
crates/frontend/tests/compile-fail/build_twice.stderr	67773782f5d83fc71d70dddd9b9b9ed85c549d3a	879
crates/frontend/tests/compile_fail.rs	1a1f016206b52c4dccf4982a4ba8b21976a99b62	358
crates/frontend/tests/crc64_chip.rs	9026d55a3023c32b9b315a053c173c31f8914ef3	5159
crates/frontend/tests/pass_equivalence.rs	41122669d0ac7bce3e122b5e36bd842aae4ba215	12122
crates/frontend/tests/test_assertion_paths.rs	82096ae7c1b3a21892cf9c95075e3a1b3c5ee3b5	2990
crates/hash-prover/benches/blake3_portable.rs	f12d052c7e244271d596897f0b7e935c3d657652	3605
crates/hash-prover/benches/sha256.rs	859a6d8c838d6fe2a7a90cf0785389e862944547	8843
crates/hash-prover/src/binary_merkle_tree.rs	cc9df1a9e98c6e543bd3fcdf0bb7699831f95f36	17517
crates/hash-prover/src/blake3/avx512.rs	7e1f930ac184a1e77eabf16170cf19ef69f69037	4401
crates/hash-prover/src/blake3/mod.rs	267a80189880537740340913426b4a117efb904a	7661
crates/hash-prover/src/blake3/neon.rs	6083d60acbc70968a873769db11f420560f33dbf	15462
crates/hash-prover/src/blake3/portable.rs	057d83a86390422e507ac259b414fdb397e746c2	31996
crates/hash-prover/src/lib.rs	d85430e45f42462c36e4f72be9be58027e63c212	1114
crates/hash-prover/src/parallel_compression.rs	317c403b8d6d9d369bf2dcf92fe4dcb2f124ec1b	4925
crates/hash-prover/src/parallel_digest.rs	144ab585005b55553e545365979e8d017cb55c26	10781
crates/hash-prover/src/sha256/avx512.rs	c66062733bcb7ebd23c8bd3de86f46cd9822830f	10783
crates/hash-prover/src/sha256/mod.rs	5d94ade995f2a553d8e5f3ac2deaa91e98772138	17483
crates/hash-prover/src/sha256/neon.rs	4ec2ae91d009c488d4b689a0bc83c520eab2f24b	5228
crates/hash-prover/src/sha256/portable.rs	ae03caeb9f759b9a74332e72c311efec3a135f72	22555
crates/hash-prover/src/sha256/sha_ni.rs	b04a8057b66f36bbbb08a1a3c48c472f556abb6e	6076
crates/hash-prover/src/suite.rs	63659b6c386468b89c7df6c25aa0f12207d92e74	1153
crates/hash/src/blake3.rs	d6df3c64ceffda7caf1c232a7670abb1c46e07d1	1732
crates/hash/src/compress.rs	d1136bcc9be8460f6c926fbd762de27eca3469eb	891
crates/hash/src/serialization.rs	d7e7540c9107e4f8cbfbb1896c31028f55bbdf54	2736
crates/hash/src/sha256.rs	7b49d849f4a135a99f2bc36bc95ec10f8d8855e2	4283
crates/hash/src/suite.rs	a068b0fdc9eeee420db276c82e21661512595efd	807
crates/iop-prover/Cargo.toml	ebdcdc3ea59babb55e7e3e11f8629575def87aeb	1017
crates/iop-prover/benches/binary_merkle_tree.rs	077d9c46e1a015953665ebb15c75e26cd327601d	3340
crates/iop-prover/src/basefold/mod.rs	5bab2f5539587508fb2ddcc50827cdd3cb33e0eb	204
crates/iop-prover/src/channel/grinding.rs	70fa858ee88798c5dad4f31b67a9fbed6b5d0205	1177
crates/iop-prover/src/channel/merge.rs	f73e08831c155edcd8f3908c687701a2df8d065f	25297
crates/iop-prover/src/channel/mod.rs	792778962042682995c9342005b3da0eee14816e	3132
crates/iop-prover/src/channel/naive.rs	e99db3b5bf004cab80f904a3caf4413ac37f3fcb	5448
crates/iop-prover/src/fri/fold.rs	388f07fdd7b813331ebfb6128278e3836e3f54b9	24115
crates/iop-prover/src/fri/mod.rs	23cb4c90705c68c47499c06e2f6263f8831c7326	193
crates/iop-prover/src/fri/tests.rs	c9e4a4414781e4410be84dca14866193262e5f75	28809
crates/iop-prover/src/lib.rs	c79e711d185e6bf8e1c57933e940d601ef67b63a	1152
crates/iop-prover/src/logup_star.rs	c897fb3b6352bd0e60c758a30d373f1fd6dc417c	28270
crates/iop-prover/src/merkle_tree/mod.rs	496ec815c53d5adc9a585f3eb92f56d39ec5247e	3795
crates/iop-prover/src/merkle_tree/prover.rs	2c8dcff934cd588ae4304158e755ad1d2d67d8bf	2885
crates/iop-prover/src/merkle_tree/tests.rs	1117b5155a8771af738deda000ced135e3f0f626	6766
crates/iop-prover/tests/merkle_pool_allocations.rs	9658589815111799bc6383acfffc366317b102f2	6925
crates/iop/Cargo.toml	cb03ae3f15b863344080f1da0d89af66369608bf	552
crates/iop/src/basefold/error.rs	7707665b0465f198f2a2b63a2a99583296647548	667
crates/iop/src/basefold/mod.rs	6a4393cdb5730f31b3b4285203745f7bcc400a85	1378
crates/iop/src/basefold/opening.rs	d8059e61cb63ebe3b9f4d9674b63dd05c8c5e269	5772
crates/iop/src/channel/grinding.rs	d144a8760e5f25f12cbea2b482f8ee8ba9fe9d4e	1687
crates/iop/src/channel/merge.rs	a40a0447b156d3950adad53778b76856cedb55d9	20251
crates/iop/src/channel/mod.rs	0721174ddd5200efb89c110f02388fe0cbcf10d7	7650
crates/iop/src/channel/naive.rs	376432fa1bffaad45d79a8d594e74fc2687b492a	6249
crates/iop/src/channel/oracle_setup.rs	e5111a7eb5eb06252e28608db2a7645a46af6927	11560
crates/iop/src/channel/size_tracking.rs	c59728d48e144b67cf2cd261293f38460c86ec04	6852
crates/iop/src/fri/batch.rs	6dfd3d335b2f9f49ba674f2272c804024494bd65	12617
crates/iop/src/fri/common.rs	a202562c84ef6e2f3951ebf09a35aec8af125b27	41622
crates/iop/src/fri/error.rs	74d79c9c96dd43c461e268a8c0e51d68035c43b9	1117
crates/iop/src/fri/fold.rs	19f18fea045e3581d7cb035a7da3d2b634e472e2	8617
crates/iop/src/fri/size_estimation.rs	28e18fc76c704c301b2061397f196599a4d341a5	2732
crates/iop/src/fri/verify.rs	6bdb735a6801093a9b94255f3fbd0be3bf4c5efe	10302
crates/iop/src/lib.rs	89bf28d79003a116067f549161951981e8487eba	1181
crates/iop/src/logup_star.rs	ac488399f4a253aa72f3d07583d7caaed4af6561	9497
crates/iop/src/merkle_channel.rs	94f333bd6e81083f30fe1300780f0c95b4b6fd2c	9034
crates/iop/src/merkle_tree/error.rs	b28359ae753be8af93e1d2806567809bae2f0432	548
crates/iop/src/merkle_tree/merkle_tree_vcs.rs	bc9fed257a8dfc38269433edc05feb8eb3346378	3217
crates/iop/src/merkle_tree/mod.rs	f51c1c1fb3317437c3f2e85bff301bafb04c85f2	172
crates/iop/src/merkle_tree/scheme.rs	897a79feb679b78f4174fbb1c406c7e771dd389c	9058
crates/ip-prover/Cargo.toml	24caf2fb836095c45dfd68a580fdce67f300c12b	920
crates/ip-prover/benches/bivariate_product.rs	68468587aa242fa91477a09f791a5c6a81d7e9a4	5281
crates/ip-prover/benches/logup_star_witness.rs	6bbedfa9ea6349b500fcf9fdddb07acfaa62d6e5	1565
crates/ip-prover/benches/quadratic_mlecheck.rs	360b8c0643ac62f2eeab8bd2451a052ed0bf7bb6	4033
crates/ip-prover/src/channel.rs	9a41c7e4416f51e443bd39fac551165a91aa6acf	5040
crates/ip-prover/src/claim_fold.rs	ad5564efd2f6068d9b96388e036cfff121d2dcbc	10257
crates/ip-prover/src/fracaddcheck/circuit.rs	eb9ed028d20617afe7828c81edfdb7bcd215d644	13350
crates/ip-prover/src/fracaddcheck/driver.rs	1cde98ec3f6773840119be2123df7f6ced2450ad	19744
crates/ip-prover/src/fracaddcheck/fraction.rs	b064fa718b90bd114a01484f36f63710cb1d9a4e	3202
crates/ip-prover/src/fracaddcheck/mod.rs	d6360905517a9d34ca5728844e7fe6f479ffee11	2149
crates/ip-prover/src/fracaddcheck/padding.rs	d3f0dfa2bff0caa8629c09f9787af79f31e3cd03	11372
crates/ip-prover/src/fracaddcheck/zero_pad_mle.rs	cdb519084c57c73740dbdaf0506b3c33c5d74f0b	17894
crates/ip-prover/src/lib.rs	ba470f9ac21215ce64f49b891658ca4015813b11	1103
crates/ip-prover/src/logup_star/mod.rs	cb8152e6c23a30f2c30b81abe4026bb40494d784	1931
crates/ip-prover/src/logup_star/prove.rs	87950f9fcb22d4798826ac03df990dfc24ec0547	39298
crates/ip-prover/src/logup_star/pushforward.rs	d2e087f51ae540a4b82eda97c1bac63d93fe5064	7445
crates/ip-prover/src/logup_star/witness.rs	06255e65f63d7a7d494a2dc8599b786e2b068ff8	22476
crates/ip-prover/src/prodcheck/mod.rs	3dc4dc7a5f64dec2acd93ffa4b8746d32cd9e6a8	43140
crates/ip-prover/src/prodcheck/one_pad_mle.rs	0e1646a7486ba481db31d1504901f338428a4505	12825
crates/ip-prover/src/sumcheck/batch.rs	952d828c8c2df30c0fb6dbd17d8875126c17916a	8654
crates/ip-prover/src/sumcheck/bivariate_product_evaluator.rs	052b67f46e100863ab1d042c550ff59cd0ca9bf3	5925
crates/ip-prover/src/sumcheck/bivariate_product_mle.rs	5ae82c6869a94bca057acea0c925365e03db2230	10481
crates/ip-prover/src/sumcheck/common.rs	0a07b3ddca1d405c277a0e98bc4e354d60629ee8	6554
crates/ip-prover/src/sumcheck/drive.rs	1401082e4cf27d1db64e1ba4c635e54102802cf7	7670
crates/ip-prover/src/sumcheck/eq_tracker.rs	16b4f738fbc7d19f8eeac43dcf2ef964008a0859	14766
crates/ip-prover/src/sumcheck/factored_multilinear.rs	f098356d359715a5563a2708ba329016f6d07660	10669
crates/ip-prover/src/sumcheck/frac_add_mle.rs	0cf45638ffbeeb7100d604604640a34bd3d94f15	9776
crates/ip-prover/src/sumcheck/mle_store.rs	c4fa92c4323fff23efb15005299ff02471f04df9	35963
crates/ip-prover/src/sumcheck/mle_to_sumcheck.rs	da0d2c815d9ac14b76cbcd57ff34a93205a10b23	6084
crates/ip-prover/src/sumcheck/mod.rs	3b8633f09c5137d8182e6248af56d7c2f6b87f6a	754
crates/ip-prover/src/sumcheck/multilinear_eval.rs	c76aed5ba967f5a9d0e9e49b0b32b0b40cf43b4d	8106
crates/ip-prover/src/sumcheck/padded.rs	05fc1d1b27afaf6c1b54c7a1775fb89e8b02877b	13824
crates/ip-prover/src/sumcheck/prove.rs	05afb4926b17889d08c447ae90a1141e5e404239	3294
crates/ip-prover/src/sumcheck/quadratic_mle_evaluator.rs	f18084a46cbe69a98c96e0e5dc9587711145959f	11644
crates/ip-prover/src/sumcheck/round_evals.rs	b6c7ce21236dce8506fd6e2981cb4cfacd3c87d4	11424
crates/ip-prover/src/sumcheck/round_evaluator.rs	09dcbe3a198058ba27a8684af9d6a1d9c4e294a5	34351
crates/ip-prover/src/sumcheck/round_state.rs	ae3dcabd90c41f29a912e1ec53043ef95abf6fc3	1921
crates/ip-prover/src/sumcheck/selector_mle.rs	b9e962ddd0416cc7819e8d0b91c38c70c5460c53	14557
crates/ip-prover/src/sumcheck/sparse_dense_product.rs	a95b7070fb9787f89f69af2a175071c242c507da	24710
crates/ip-prover/src/sumcheck/switchover.rs	af2937c317ac5c1098e7ad59e083fca067dedcba	6747
crates/ip-prover/src/sumcheck/zk_mlecheck.rs	4df8dbfe3caa624e36a12f9abf10a9f3c81e89a2	27272
crates/ip/Cargo.toml	a1ce922e3539fcde176f670867cdb475237131d8	533
crates/ip/src/batch_eval.rs	0622244446fe4df09a926551fa6cbe70e4f111dd	3729
crates/ip/src/channel.rs	e9f3708b378452a6b3d4a0cee24efcb3e254a02f	11920
crates/ip/src/fracaddcheck.rs	7bc2a97909ecac72cc8cc3bc7cf998976c9d649a	4817
crates/ip/src/lib.rs	5a6123c0ba1e16e206407c86358b623c3c59b141	1450
crates/ip/src/logup_star/error.rs	9faacf880f817dfc9c5998a34e9af64925565171	816
crates/ip/src/logup_star/mod.rs	f7dc4029f9e8fb5e9e8a9725ed1dee4f70bf8e6d	5535
crates/ip/src/logup_star/output.rs	204c2751397a09da023c12acef314977276e4a92	3843
crates/ip/src/logup_star/pushforward.rs	692d137a6b7d62c00d043b8e1e0b96b0ae07cc51	8548
crates/ip/src/logup_star/verify.rs	4f95783feb27a15f086c6247e4a6a7f000615760	18155
crates/ip/src/mlecheck.rs	080e3e281f8dd09e3745c40cfa413b698d680bc8	10237
crates/ip/src/prodcheck.rs	69f1d915960f1c844817d5a88ce381d20a7fb70f	3400
crates/ip/src/sumcheck/batch.rs	03959488c6a59359b6ff701aa66df18ec3f26773	3012
crates/ip/src/sumcheck/common.rs	f8eb359a868eb9c3730b8229b4ed3599de1ac339	17479
crates/ip/src/sumcheck/error.rs	b7341791d95b179df875f2f8fd9c66f37d7e0332	977
crates/ip/src/sumcheck/mod.rs	b0438a47cc02d7b8c7d0a4b1003f6da76e209e46	190
crates/ip/src/sumcheck/verify.rs	dc330f69f98c629bb21362550706870f12067a47	1895
crates/m4-prover/Cargo.toml	6cc758679bc6bc22f5a9e96954d1351b49a52640	1898
crates/m4-prover/benches/assemble_operation_witness.rs	ea517d715d4e17400f92d85ff86db809cea6f9e3	11663
crates/m4-prover/benches/keccak_witness_gen.rs	17a19ad13597245a9d801989f41294d8db848c33	3064
crates/m4-prover/benches/prove_hash_primitives.rs	2ef39dfe252d355d8b9a8ce31570a203fd3c91f3	6110
crates/m4-prover/src/composite.rs	fd36b871033fbec2bae92a934c8fb274907f8367	16637
crates/m4-prover/src/lib.rs	e8b3aaed1cde37f8f369e411e862cc9b2ec56ef0	673
crates/m4-prover/src/prove.rs	5eaa349b63ba064ac82f72635276fd3d0de8e5d7	45278
crates/m4-prover/src/shift.rs	af0e1d0c35a5f7ce800f8765e9c7c0954f1547c8	21491
crates/m4-prover/src/test_circuits.rs	4943e060a6eb0226cfdaf35370196f5fd20a9ce5	14625
crates/m4-prover/src/test_utils.rs	e24ef48792d50d26250523f98e70b4a3d8808848	8447
crates/m4-prover/src/value_table.rs	fc9cd2a94be601e4a2d74feb0d5e1baeb0853060	5367
crates/m4-prover/src/witness/instance_fold.rs	d3c5a5d4bb7a3a4a0258d4b3af3a037422c8a07a	15492
crates/m4-prover/src/witness/mod.rs	521ee0fd65633e7897d64d44e8ffc8546cad54ea	710
crates/m4-prover/src/witness/operand_columns.rs	682c0c6830188484658702d87c4077e463b6cf25	44032
crates/m4-prover/tests/prove_hash_based_sig.rs	45eabde6a76f8cd66e28c803223feeccc2c68cf2	7866
crates/m4-prover/tests/prove_hash_primitives.rs	328ae19eacf82abe891f814f5548738ff55beaae	11056
crates/m4-verifier/Cargo.toml	5f5eb32ee891a306510fa852b8c2c7980464db16	714
crates/m4-verifier/src/commit.rs	ef73739fd00c4801b8acdee2740230f68f26d1b2	6143
crates/m4-verifier/src/composite.rs	40b89ccee9b451113994917416f69e92b7f68668	13280
crates/m4-verifier/src/lib.rs	80b3adee5c637baa09159e4e9d59c0e5e283a2cb	283
crates/m4-verifier/src/verify.rs	fa8f9afbaba2a8fac17ba3db1d9c6a58f67224f9	11076
crates/math/Cargo.toml	c62e105de2129067b87bc357058e8dbe5d17e0a1	1049
crates/math/benches/batch_invert.rs	c7c7563475e39705a58e710a4101621a3887ca3e	1675
crates/math/benches/bit_reverse.rs	9c6647d351cc68e695977c1922ca6e9fe543a2a0	1321
crates/math/benches/eq_ind_partial_eval.rs	cae4f44e62959d18730ba24d2b3922b49824bd9a	1609
crates/math/benches/multilinear_evaluate.rs	424e80f3a4d2d16ea2db3b8e01a01f572a21de74	1887
crates/math/benches/ntt.rs	8e2d21afde9fcfe85e48f5007ac397882e9be214	7938
crates/math/benches/reed_solomon.rs	726a0bd3e5ee1246a174ac419d1a2fe71d93cc03	3241
crates/math/src/batch_invert.rs	dfbff4f1197dca229a726ad68098b5e4f6ec583f	13053
crates/math/src/binary_subspace.rs	809def71cace95ff21ee43af8eb0f0e72cf66d03	15816
crates/math/src/bit_reverse.rs	3e2e3dad43484c876ba66c7d51407bd79c72c082	21300
crates/math/src/field_buffer/chunks.rs	48b1efe63db35cb32bd77949a8ee97b1fd31b0e9	34065
crates/math/src/field_buffer/mod.rs	ceec4a7d2bab2e8f579ce03704330b76d213fe8b	50656
crates/math/src/field_buffer/view.rs	3215dd826b39c9b39fca272e40a33ea96512fde7	2316
crates/math/src/inner_product.rs	f04c1c6632ed1cfacbac767de0226c2486f7f301	8361
crates/math/src/lib.rs	4f948667dc16eacd252685cab9ce2ac872dc4336	827
crates/math/src/line.rs	c808cca1a3869a79e99aaf32d83722efc65a92c7	2119
crates/math/src/multilinear/eq.rs	197e3519fbbc79f54e00f1e0aa0afaae1ad19b2f	15899
crates/math/src/multilinear/evaluate.rs	2dba5c17e519c2e7aade0d0de334c61650c72781	7575
crates/math/src/multilinear/fold.rs	ccce433d4ed8bd53fc60193fd4cddc5e8ef71b32	9608
crates/math/src/multilinear/hypercube.rs	03e042a1546b44875cf71489d8280b2cbbc7a372	33504
crates/math/src/multilinear/mod.rs	9bf3eafd0424f13a4624766f70020bbc904ddcaa	99
crates/math/src/ntt/domain_context.rs	9df297caebda5a66f9acdf1a6d7f890b2f9984f9	15014
crates/math/src/ntt/mod.rs	964977acd16378100129c7f51c1964405493182c	7623
crates/math/src/ntt/neighbors_last.rs	783c4098bd07b615892dd8b280220083bc6bec50	32021
crates/math/src/ntt/reference.rs	d714e47ea34a20b7c857da90f3e7c856b60773c1	2669
crates/math/src/ntt/subspace_polys.rs	99171a2ab95125e93db44f321aa0f32560f0156b	16355
crates/math/src/ntt/tests_evaluation.rs	fd6d87eaa10711560565b8b58d7290858ec78a8a	7520
crates/math/src/ntt/tests_reference.rs	82d8989fb83d647c3eba3dbec42c3b8a301e7ba3	7314
crates/math/src/tensor_algebra.rs	3560a7778b83f2f74da4068f2311310b94d3d352	6460
crates/math/src/test_utils.rs	318106d9158b8758664b874847ee698177c9644b	3344
crates/math/src/univariate.rs	52dbe3ef96e0d2f46260995d710b9a17dcf73770	14382
crates/prover/benches/batch_quadratic_mle.rs	ab3d40c26fa29d4d0555472871a440c30e2c47ac	4486
crates/prover/benches/binmul.rs	844425dc172a8d569fcbd3a69f05618f139f67e0	2439
crates/prover/benches/bitand.rs	aaa24880466dc3d7aca6a235c50a85b660e69c60	4779
crates/prover/benches/fold_across_words.rs	0e0d01b66e8f68b0f45de078b3b9623ac1a53979	3079
crates/prover/benches/fold_words.rs	4cc5b18596c21356595824f223676b5875b065e3	1313
crates/prover/benches/fracaddcheck.rs	42bc5bbf8128cdbf4c3af347d853023c5846b56b	3092
crates/prover/benches/intmul.rs	39ece150c64ca3792bfb3296646c977b59fe5e4b	13567
crates/prover/benches/prodcheck.rs	4af63bf26e8444675f1c785a2c470a8dced223e4	2583
crates/prover/benches/ring_switch.rs	00bdfc0289fb36780a0447d721863c56c531dc5b	3255
crates/prover/benches/shift_reduction.rs	7d52bdeb0763f81481e7ab56d49cdb18018cdeb1	11920
crates/prover/benches/sumcheck.rs	3c205f431352e242ef8f0142bbba1eabd8f4e1fb	3282
crates/prover/src/bit_matrix.rs	b902985dfea2e00a83d18120f78a69b115de170e	11193
crates/prover/src/error.rs	aa7edb801260a8c7a6f6826e1d00666d88f7b44c	370
crates/prover/src/fold_word/bit_axis.rs	5081a9180f9156170cf81ede9a799fab85680b66	12090
crates/prover/src/fold_word/lookup.rs	8f9075e4aee6f97a70ebe7419b71952021b93155	2565
crates/prover/src/fold_word/mod.rs	209098cb4ff0472487f6039e052670932e4c74cd	2348
crates/prover/src/fold_word/output.rs	99fdb15256b4ba0bb0e045f1ab55298cdc743075	2443
crates/prover/src/fold_word/word_axis.rs	e97728c52ef7f5789d7a7197a55e9917b26a0898	11714
crates/prover/src/lib.rs	e15f85468e6ee2cd4f4b0fe33ebbdc6a5098a554	1498
crates/prover/src/protocols/binmul.rs	3c1162335165c1be529ad2ea59c97db79c85f6a0	14279
crates/prover/src/protocols/bitand/mod.rs	471ca97374bef9ead800b33da625821daea2ebde	206
crates/prover/src/protocols/bitand/ntt_lookup.rs	ca6f393d2b80c9d7bff8d79869404bf03f0fa63f	9934
crates/prover/src/protocols/bitand/prove.rs	239421c7386340794d32efc8c73854b86a074216	6861
crates/prover/src/protocols/bitand/prover.rs	3c54b55c25a050f3ebb68047b23b077630a305aa	9640
crates/prover/src/protocols/bitand/sumcheck_round_messages.rs	10df2ef764cb00fbee57a162467ee7a32278b887	18031
crates/prover/src/protocols/intmul/error.rs	9a499a6752cb67b6d0740209199a27e4de887a59	291
crates/prover/src/protocols/intmul/mod.rs	10eccdecc1f2b6446766f41fe23ad44db55f6fbb	149
crates/prover/src/protocols/intmul/prove.rs	3c5d2a8484306921e5b75a75515c5dd4807ea724	24549
crates/prover/src/protocols/intmul/tests.rs	9e8e12742699888ccc1df4124bfdccc244638bcc	6787
crates/prover/src/protocols/intmul/witness.rs	9d95fa2c402037c215fd54164dd88c9edf92c5e1	23778
crates/prover/src/protocols/mod.rs	4f1a209ba79b0c4732a506e8df1eeccde69bb16a	115
crates/prover/src/protocols/rerand.rs	45d899cb3fa664b570ffef54377c1c165f3a5783	9986
crates/prover/src/protocols/shift/claims.rs	5a5f86a7da44dabfa08ceaeaf51189c46c4ace71	12165
crates/prover/src/protocols/shift/key_collection/builder.rs	fd67fca515d5ad85a2c9ea8f82b88b48c6d4741d	35618
crates/prover/src/protocols/shift/key_collection/collection.rs	0e75a24087d442a1bb323fa97cde5aa4a53fc2cc	14132
crates/prover/src/protocols/shift/key_collection/dense_shift_encoding.rs	3de3b20614e5a05b01b6a95c5dea80ac8cd94075	8909
crates/prover/src/protocols/shift/key_collection/key.rs	cdf88d76f0d25e907770469bd3695e6ef1ce4237	10996
crates/prover/src/protocols/shift/key_collection/key_segment.rs	83123d52551da0b4f612f99164d0d4740cc62dc7	13301
crates/prover/src/protocols/shift/key_collection/mod.rs	6360d5fb0e7f6c7da254f2ead425370bac69c347	394
crates/prover/src/protocols/shift/key_collection/operation.rs	5e66a0afc40a5394a3d487fa251ad223294df33b	2850
crates/prover/src/protocols/shift/mod.rs	c6bf03ba90a8be1a974304ba93af8a7dcc6a3e1a	543
crates/prover/src/protocols/shift/monster.rs	39630c0239f6b8a8df2e7f528a6948595bdb15f2	14922
crates/prover/src/protocols/shift/outer.rs	72fabe21767d573f4b6794780ddebd89047ac10c	16287
crates/prover/src/protocols/shift/phase_1.rs	d57e8000b9729866fe76f6edb97a44883c00e406	32554
crates/prover/src/protocols/shift/phase_2.rs	e62037438687476e5f2dcd6869320071872aac04	12654
crates/prover/src/protocols/shift/prove.rs	21364cb003938a9ca98c8617475ba52ba2f3a950	4655
crates/prover/src/protocols/shift/segment_words.rs	0ed28268cf0739965c75988cc16a73b8d303cbdc	803
crates/prover/src/protocols/shift/shift_ind.rs	b36c4ff88b8b8689e725895f0ca9884b4160b1f3	18429
crates/prover/tests/shift.rs	b7b2097ab49faba21ba7c4c9b0d2c43f21353a1d	17199
crates/recursion/Cargo.toml	8fb0e2500402d69dba4eeba43de3032574bafa5b	961
crates/recursion/src/challenger.rs	618a794ca40d726500a7773414f5c39f551838bd	29243
crates/recursion/src/channel.rs	4007b916813568b5b32bc6b582fb958eba60da4e	26809
crates/recursion/src/circuit.rs	df9106e2dac733abf81109dbf63731d8329379ca	16968
crates/recursion/src/filler.rs	b00a92b0d845f7693a1a24aa33dc4377413bde00	10750
crates/recursion/src/hints.rs	5438a65e12678a25d356445d7e53af9b1c6d111d	1578
crates/recursion/src/lib.rs	8a372b0e4c72d7429d5c7ad305dd4d45d57f1f2a	3144
crates/recursion/src/merkle.rs	d24e16fe643bae239ffb9d3ead994da7f6b4a4c3	30501
crates/recursion/src/merkle/tests.rs	f073d1ae556be937f8bdc3defed3c90b81dc430b	44678
crates/recursion/src/shared.rs	602fc671ad38db0ff68ba4e5ea45cbf25e1705ce	2239
crates/recursion/src/symbolic/elem.rs	0da2d828f5f1b749111da09d01f3e76be938241d	18010
crates/recursion/src/symbolic/mod.rs	bebf3e6705160509494243f83691bb7360288571	790
crates/recursion/src/symbolic/word.rs	cda2d21413724143981c74bec42fc0a0e6216a9f	2535
crates/recursion/tests/basefold_opening.rs	ab70117fb3f1bbd0d2f92e7591c95519045a7eee	25137
crates/recursion/tests/channel_builds.rs	78d26642c354dc2db0178a17a58ed807fe8dfe26	1706
crates/recursion/tests/claim_fold_in_circuit.rs	58b59ca57a2de6a764525b72418bc049c5b60911	2968
crates/recursion/tests/fri_profile.rs	88a746b2ddce78dc03e87351e9dbea0e6da0546a	9191
crates/recursion/tests/recursion_end_to_end.rs	c9a75a7dd076b18d8a6266cdc1b2ad7a7306dc51	22534
crates/spartan-frontend/Cargo.toml	712a30f66ed9bd940ef165e3af44cf37d5e3f2f3	431
crates/spartan-frontend/src/circuit_builder.rs	d8caa437bc631fd3223405f58e6caaa4dc6f3487	35431
crates/spartan-frontend/src/circuits.rs	b0d9b74e1ad6b252f355ab9324539edacd157f71	10247
crates/spartan-frontend/src/compiler.rs	bbb0b250a7c0700966438c82d37a7eac50d38635	428
crates/spartan-frontend/src/lib.rs	a59f1a8eb54d91aa3bff5be790899b67bf3e1fb2	3978
crates/spartan-frontend/src/wire_elimination.rs	822d03691f16291e4e849430b6c43956c78d8552	17635
crates/spartan-prover/Cargo.toml	e28ba597a67cc7f7afbd345c38091c30ee73192c	1271
crates/spartan-prover/src/error.rs	0119450745d44449df752ef18b29258dc3c1c7a0	260
crates/spartan-prover/src/wiring.rs	c9f8cc35c4c085cc56d65a7effbc6d7fdfbd9538	16801
crates/spartan-prover/src/wrapper/replay_channel.rs	9d40a04628c49a0b37188ae2e590d8823eff7001	9864
crates/spartan-prover/tests/proof_size_exactness_test.rs	0a06d54bea5874718cac58c9a84ad272add5798e	3561
crates/spartan-verifier/Cargo.toml	24c16db3c2fc57283e772dc2898e66de571b4bfc	687
crates/spartan-verifier/src/config.rs	398c2bdbe23aa439b35023dfdec44474d30659e7	355
crates/spartan-verifier/src/wiring.rs	c888644cc1dc3b7645fb29357e61a217eabea316	2936
crates/spartan-verifier/src/wrapper/circuit_elem.rs	6cb292fc4768cb83f3cdd33dcf0d49e36310bb1a	14274
crates/spartan-verifier/src/wrapper/gadgets.rs	2458ec7e489462f1fa3cad34d276e94e3f457060	3905
crates/spartan-verifier/tests/proof_size_test.rs	e6e3b458d503feaa79f87d7ab1b9bc2695525fd6	3053
crates/transcript/Cargo.toml	a1b45504ca8b371b0f3528aec08f2a0de68c8db1	418
crates/transcript/src/error.rs	5a00945b456715ceb63985f0831e2b643ab56ecf	718
crates/transcript/src/fiat_shamir/buffer.rs	af0d5ca89965a4af1f132eebc0fb0ba2c35c0043	1734
crates/transcript/src/fiat_shamir/mod.rs	7151cf469b99765eca10f1ab7871830df4b30e6a	554
crates/transcript/src/fiat_shamir/sampling.rs	d1951e8fbb7400859364b3f496ed1609af5883fa	1258
crates/transcript/src/lib.rs	0b409701bd7220b521af9ddf00f76977be0cbf55	1098
crates/transcript/src/transcript.rs	7f0074f2dee00d4abfa4face5077b3c2c5a06e34	21102
crates/utils/Cargo.toml	75b729496c6edf9f3a3e1279b589e643b174a8a6	476
crates/utils/build.rs	11e61db9f8b8ddad9e23809b7a9beacfba0172a9	913
crates/utils/src/bitwise.rs	2b86ab81f68a3b258b72d649ad16bcfffce1c7f6	1821
crates/utils/src/checked_arithmetics.rs	ebb174cc5edb4c409d1dca0a6823c5de764c0bd9	4505
crates/utils/src/iter.rs	f1fdaa856be7f57074391bb8dc32f3452b51dc33	2636
crates/utils/src/lib.rs	a4038486cf110c7d612d4346d026b1e33db86516	485
crates/utils/src/platform_diagnostics.rs	513348108c9a837c25a6372ecf1f151499e40473	27317
crates/utils/src/rand.rs	43cb686d9bbf98ae36484892ae8274cf11c3eccd	1032
crates/utils/src/random_access_sequence.rs	173f50d2899fd5b42bcf1b2f456521eca3418975	5285
crates/utils/src/rayon/config.rs	3b9687002d8b50562568be8a3fac0c617154554b	5178
crates/utils/src/rayon/mod.rs	31396c1b003f47423b99e7bf0685e1a80f55f3a7	235
crates/utils/src/rayon/task_size.rs	5590c3299f29b5b91ebde2ea470a7e53e1f9ddf5	10846
crates/utils/src/serialization.rs	c5a1552c12bf25c501fb8851f275fb324523bedb	10268
crates/utils/src/strided_array.rs	835cd4fc360a3c2f63ef7933451af38709c3cd79	16105
crates/verifier/Cargo.toml	8d766eef1a1d10534888cfa5f6ad0f45d6798084	945
crates/verifier/src/error.rs	6aa8a9c2da6d73f7145a68bc4dd763278b4a3a2e	1104
crates/verifier/src/lib.rs	70b4e259c2f9d657c06a48f5f26fad87240a55f6	1680
crates/verifier/src/protocols/binmul.rs	3126040c48ef3e9a609e7fdc0c92a94187cb2f31	5116
crates/verifier/src/protocols/bitand.rs	5abbd558205eb41ac88d6e5ea1cec9c031850e18	3181
crates/verifier/src/protocols/intmul/common.rs	4ff906ed8f838e3cb03c2280d3449993f6425b2d	8372
crates/verifier/src/protocols/intmul/error.rs	2ea16a26274cdd1a8ce0a8ff38ecd293a3ac1c19	660
crates/verifier/src/protocols/intmul/mod.rs	b8e56eb2eda2be85bceae15b7149de8b8ae55605	148
crates/verifier/src/protocols/intmul/verify.rs	c1ecd04bad22b27f6eccdc057a4d8f29ee91e856	23289
crates/verifier/src/protocols/mod.rs	e68e1b2dc99eb5078ee4bcc5b2dfb2186b584a27	187
crates/verifier/src/protocols/pubcheck.rs	4fd55d8f570fa6a8ebf45bb82599c2a351a70c09	2230
crates/verifier/src/protocols/rerand.rs	4f25c6160c5cd584cd67cdc0c60caa681abffaba	5056
crates/verifier/src/protocols/shift/error.rs	76196f10da0f8e47dce8161eba80b6c3f4975e4d	405
crates/verifier/src/protocols/shift/mod.rs	97d1143f6d9acc7a1e890141dd5b216ad12be05d	3757
crates/verifier/src/protocols/shift/monster.rs	698b37062faf9160800d5bfb1f86cfc8c9499297	23362
crates/verifier/src/protocols/shift/shift_ind.rs	401b190cb2031c423a1a94fdbf9d881c26bedebd	8296
crates/verifier/src/protocols/shift/verify.rs	da1d853f2d91c022cfb05fe1aad559e46fc5d955	43632
crates/verifier/src/protocols/zero.rs	d46bd0de95357fd6d73a41117ae01e6dbdb5969e	4235
crates/verifier/src/reduction.rs	af3f4e55b84d50dc4430e3388bd11c99179b7a5c	13774
crates/verifier/src/signature.rs	c02c19edbad7c2a846c772ba6578b6d203c47bc3	4992
prek.toml	abcdbd562ef190e7c560f30386ea0b85e5f8154c	1460
skills/binius-code-review/SKILL.md	cada86857001b4fb68ead924e63b43dc9d71126e	8286
tools/.gitignore	e109f4d7e9ce7833d416779c0231181c8d6cbc08	339
tools/check_copyright_notice.py	e9541faf5cca7c188a43703d295d7cfa98e1cc1c	5675
tools/clippy-changed-packages.sh	290bb11121ec6c047e7c109aaf4af0f7ddb9d9e6	1329
tools/coverage	bf630275499315a49065951ca0131cb86baf434d	235
tools/coverage-compare	1a071bcd81edcf580115cb342098c3c6ce22b2e1	245
tools/coverage-compare.py	7d373616c2abc9a497fb3df1f657ee558073d100	7369
tools/coverage.py	4ce99d7e816634d46d74ea957772080201bf14e8	50639
tools/requirements/coverage_reqs.txt	89f7140ecb70b9370020c468044a44b21a0a61eb	8
tools/run_tool.sh	c47ce1ceb71adac4e68b5e6f02d14229010af4b1	1562
